{"1": {"0": {"0": 0.2872254426178293, "1": 0.2492515297887077, "2": 0.22855332617490473, "3": 0.6345265494278538, "4": 0.24892278960832526, "5": 0.22364612545512105, "6": 0.20978873988936805, "7": 0.20552210942795685, "8": 0.20415140176443458, "9": 0.19179219849423693}, "1": {"0": 0.229799542393895, "1": 0.2583777954333612, "2": 0.21742547186652292, "3": 0.22496715432893474, "4": 0.22360863677065526, "5": 0.23731364700069096, "6": 0.1972673370812962, "7": 0.1991008748941511, "8": 0.1938055291817751, "9": 0.1754832653463222}, "2": {"0": 0.29177246884282393, "1": 0.3701699997257414, "2": 0.23257817640821804, "3": 0.2674520333626482, "4": 0.2551161285989359, "5": 0.22966747850916955, "6": 0.20573225678438928, "7": 0.20419602498429384, "8": 0.20792128424047412, "9": 0.1903781155684248}, "3": {"0": 0.4137063236206846, "1": 0.2652790052865186, "2": 0.2514336331079455, "3": 0.2685942434285148, "4": 0.3320949010552404, "5": 0.22848383702185132, "6": 0.20879209991717376, "7": 0.20736273560867208, "8": 0.20375626368699254, "9": 0.1923636484448043}, "4": {"0": 0.2802766795940032, "1": 0.25632822931916077, "2": 0.23287133609897687, "3": 0.2457661351378958, "4": 0.6892139535244098, "5": 0.21640662924752846, "6": 0.2080924100210161, "7": 0.2081754076560591, "8": 0.20305820945276698, "9": 0.19124320203415943}, "5": {"0": 0.24809703468266472, "1": 0.23848613005892388, "2": 0.6136803866833775, "3": 0.23199610244134, "4": 0.24012279873755263, "5": 0.21224854357393794, "6": 0.20035232322433758, "7": 0.19815000440592012, "8": 0.19776344616261377, "9": 0.18089310857270327}, "6": {"0": 0.2268448556842538, "1": 0.23900129675559056, "2": 0.2169227025104068, "3": 0.23094253421150276, "4": 0.22422927197269948, "5": 0.22589942522618214, "6": 0.20450732579967001, "7": 0.2055001856364084, "8": 0.20020999335234538, "9": 0.18385575822423475}, "7": {"0": 0.22169535678703967, "1": 0.2167228459016807, "2": 0.21497753367348196, "3": 0.22094050232781973, "4": 0.22202644410949632, "5": 0.2099534721599819, "6": 0.2104915755857941, "7": 0.2124252051996222, "8": 0.20365116647765377, "9": 0.21078561465815995}}, "2": {"0": {"0": 0.28257477856781166, "1": 0.25829963591531174, "2": 0.2460699013639982, "3": 0.4792194929213392, "4": 0.2390918070922449, "5": 0.29417112175103155, "6": 0.2225403196467264, "7": 0.1521729962414392, "8": 0.1863861926431195}, "1": {"0": 0.24378730411948943, "1": 0.2809769137847892, "2": 0.3305511805481026, "3": 0.28295659868990525, "4": 0.23756822070378278, "5": 0.2564488099334231, "6": 0.21993058059179066, "7": 0.14383283831328483, "8": 0.1709119909491217}, "2": {"0": 0.2292607610361188, "1": 0.2242579312186933, "2": 0.222450542664859, "3": 0.24459944908063588, "4": 0.5478193837577019, "5": 0.23640622693893187, "6": 0.20941144464278136, "7": 0.14511853743411382, "8": 0.17443162864027348}, "3": {"0": 0.6431816796398401, "1": 0.2689729047172107, "2": 0.23612674768342468, "3": 0.27927518145258745, "4": 0.2295204986610132, "5": 0.2490611863910176, "6": 0.21823099779527685, "7": 0.149936109020344, "8": 0.1818787426034844}, "4": {"0": 0.2488900238163617, "1": 0.23873611979409418, "2": 0.23467520282439852, "3": 0.29243232213525655, "4": 0.23240421243577425, "5": 0.7333430734963181, "6": 0.2137775007610387, "7": 0.1501864606195654, "8": 0.18369289801588334}, "5": {"0": 0.2241647881874804, "1": 0.22451790527301532, "2": 0.23122192603784175, "3": 0.22638803996400247, "4": 0.21246764562972428, "5": 0.21973056659231888, "6": 0.22113849294981727, "7": 0.14288168916253435, "8": 0.17012835264038162}, "6": {"0": 0.2101770419530296, "1": 0.20240394378858587, "2": 0.20258762035823827, "3": 0.20700226490173126, "4": 0.1996374636309505, "5": 0.20859936936932255, "6": 0.1980066663701762, "7": 0.15308658684970303, "8": 0.208188870842872}, "7": {"0": 0.20513050269302704, "1": 0.19995288212935142, "2": 0.20489829628939352, "3": 0.20811925636165504, "4": 0.19722019989368844, "5": 0.20822698069648535, "6": 0.1982076625462551, "7": 0.15497713670722066, "8": 0.19187936693709035}, "8": {"0": 0.20250960246015212, "1": 0.22439451429818674, "2": 0.19820893742273304, "3": 0.2043652847863343, "4": 0.19806669101039834, "5": 0.20305584121386075, "6": 0.19394078171695223, "7": 0.14833623951264718, "8": 0.19295223267097508}, "9": {"0": 0.19165581437668647, "1": 0.18940450618689192, "2": 0.1801909618662023, "3": 0.18952547159045585, "4": 0.17998333084649432, "5": 0.19243294463402075, "6": 0.1802753504844225, "7": 0.18862349099777112, "8": 0.3480658930438007}}, "3": {"0": {"0": 0.2344570505681513, "1": 0.21741550374781593, "2": 0.2329475172252976, "3": 0.6504431415110672, "4": 0.2579671573581344, "5": 0.2540057195772625, "6": 0.22188277810500437, "7": 0.21797831175286062}, "1": {"0": 0.22912083377080822, "1": 0.2209229582342165, "2": 0.22853536334468402, "3": 0.26170988567001263, "4": 0.3409869529925769, "5": 0.24283231546473155, "6": 0.20859471670579244, "7": 0.21005448897252718}, "2": {"0": 0.22854527158225904, "1": 0.2624150291671046, "2": 0.24821324803494862, "3": 0.23623449325000667, "4": 0.2955788879136964, "5": 0.23933478219311877, "6": 0.21083232506959684, "7": 0.21131809529480552}, "3": {"0": 0.2501768343967304, "1": 0.2203893051947983, "2": 0.2333050187748981, "3": 0.3006695668491791, "4": 0.3044194700923459, "5": 0.3197068806035192, "6": 0.21937780840665352, "7": 0.21950923407321432}, "4": {"0": 0.5379798010348193, "1": 0.20752390334886564, "2": 0.2149747021701952, "3": 0.22989825464230126, "4": 0.23546085892720736, "5": 0.23419207560850652, "6": 0.20863245443204637, "7": 0.210272706877425}, "5": {"0": 0.2432808200862746, "1": 0.21402231406380565, "2": 0.22314292300729197, "3": 0.25214178899817913, "4": 0.2554716198499863, "5": 0.6573180543289324, "6": 0.217127195440715, "7": 0.21617208370388655}, "6": {"0": 0.21141872956277225, "1": 0.2120007128024181, "2": 0.2188115056081659, "3": 0.2178390579638773, "4": 0.22215862385617005, "5": 0.21730007289611813, "6": 0.20496445053761936, "7": 0.20475686016737474}, "7": {"0": 0.14786821920386573, "1": 0.14397354377587837, "2": 0.1454051231306073, "3": 0.14475046543290668, "4": 0.14774732893084483, "5": 0.14339326614116946, "6": 0.16650856122691796, "7": 0.1636214539547469}, "8": {"0": 0.17986717106532935, "1": 0.16747889335479224, "2": 0.17091990219144793, "3": 0.17028110748504033, "4": 0.17964295298610422, "5": 0.16890383969004355, "6": 0.21699811142560044, "7": 0.21422346118015315}}, "4": {"0": {"0": 0.24509284364196698, "1": 0.586647021656304, "2": 0.24404858883717623, "3": 0.23945049124387557, "4": 0.23436868108991785, "5": 0.22736959091892928, "6": 0.23298550952075167, "7": 0.19125318471278283}, "1": {"0": 0.21797071853897815, "1": 0.20742369405573033, "2": 0.2147120044533378, "3": 0.24905230705581685, "4": 0.21754306386322614, "5": 0.22065969598705518, "6": 0.21785799612812198, "7": 0.19491695623615127}, "2": {"0": 0.23138141004910112, "1": 0.21456459719390222, "2": 0.2246527893266441, "3": 0.25172758626632313, "4": 0.23131558239957473, "5": 0.2302082440875494, "6": 0.22252843258747676, "7": 0.19863702153831883}, "3": {"0": 0.3209259425721062, "1": 0.23353513194115644, "2": 0.2552180133392032, "3": 0.2547575863707434, "4": 0.6386812522485501, "5": 0.2474379371898931, "6": 0.24375132888839104, "7": 0.19810956381193284}, "4": {"0": 0.28385533094758736, "1": 0.23875580228636528, "2": 0.26114970604456383, "3": 0.3543879046026307, "4": 0.2589054781066107, "5": 0.23636718641012203, "6": 0.334046379922288, "7": 0.19509070531482833}, "5": {"0": 0.2957756537144465, "1": 0.23899359510520193, "2": 0.7013360945873507, "3": 0.2584173421697416, "4": 0.2526456655508488, "5": 0.23430431586518574, "6": 0.2459615877506777, "7": 0.20343171769799231}, "6": {"0": 0.22115774390641602, "1": 0.209422254677708, "2": 0.2170955604102214, "3": 0.21463363288136825, "4": 0.2231191816735924, "5": 0.20872691671992968, "6": 0.2104666667859046, "7": 0.20048466912104315}, "7": {"0": 0.22044393667428544, "1": 0.21175293192111197, "2": 0.21615929186636887, "3": 0.2144617103368815,