{"1": {"0": {"0": 0.2866959573131214, "1": 0.25847997817601653, "2": 0.23391214897959228, "3": 0.5595900623852297, "4": 0.18737445757049564, "5": 0.18190627765753742, "6": 0.17270834059536386, "7": 0.15948628351925334, "8": 0.1715205528805843}, "1": {"0": 0.20596929261333966, "1": 0.20440618414288148, "2": 0.21580459653731252, "3": 0.1975287318639829, "4": 0.18848102623399496, "5": 0.1824483297751922, "6": 0.17552033282518714, "7": 0.16040769800973684, "8": 0.1765967302886083}, "2": {"0": 0.2260442811210678, "1": 0.22507798545137409, "2": 0.5247713743020923, "3": 0.22277800130108896, "4": 0.19069455946781375, "5": 0.18346216859431913, "6": 0.1757384292903085, "7": 0.15898390903564824, "8": 0.17358325256034463}, "3": {"0": 0.2884900940824401, "1": 0.3898323537506642, "2": 0.2150808045497903, "3": 0.22634871287498307, "4": 0.18920057264059328, "5": 0.18206335016973918, "6": 0.1774009395699005, "7": 0.1604824486402456, "8": 0.1741958315768397}, "4": {"0": 0.3127929079051853, "1": 0.22595974057598686, "2": 0.24459815355477127, "3": 0.21370320665089038, "4": 0.19588842238909912, "5": 0.18489958250094352, "6": 0.1776251469052443, "7": 0.15990645397212627, "8": 0.17722047475863212}}, "2": {"0": {"0": 0.20812612937107744, "1": 0.22364512165223643, "2": 0.2504776531909396, "3": 0.1947303888157384, "4": 0.31737278708113703, "5": 0.2866960444476876, "6": 0.18541062429098826, "7": 0.18718143972633755, "8": 0.1857626399597993, "9": 0.18060317429286285, "10": 0.17542349583016767}, "1": {"0": 0.19939173279939837, "1": 0.2235698603181645, "2": 0.4844086467848089, "3": 0.19051127920549152, "4": 0.22744290808564382, "5": 0.2512161539823317, "6": 0.18251436659371736, "7": 0.18335234156700608, "8": 0.18309345089361398, "9": 0.17851166372933103, "10": 0.17392670798142956}, "2": {"0": 0.19306169315764776, "1": 0.5342664446728406, "2": 0.2254362765102609, "3": 0.1926089547471719, "4": 0.2451376618939767, "5": 0.23471053716873244, "6": 0.18303233375138905, "7": 0.18167273032312228, "8": 0.18134986536141556, "9": 0.1767096955137503, "10": 0.1730113547247086}, "3": {"0": 0.2084720977472401, "1": 0.22647679160282827, "2": 0.2226315473172572, "3": 0.18492035641719032, "4": 0.21550206564957403, "5": 0.5988147777123044, "6": 0.18346795913859376, "7": 0.17802941388774063, "8": 0.1788444851177074, "9": 0.17621634367422087, "10": 0.16993036259380012}, "4": {"0": 0.2051128243637488, "1": 0.18887641666868563, "2": 0.18714520022859077, "3": 0.19216881099259453, "4": 0.19503211882157842, "5": 0.18941335367442277, "6": 0.189762702661623, "7": 0.18140910377297817, "8": 0.18778828353524202, "9": 0.1807192153299017, "10": 0.17655332610487987}, "5": {"0": 0.1866097648352946, "1": 0.18342428199823235, "2": 0.1817632387003838, "3": 0.1842167311271494, "4": 0.18252874904776537, "5": 0.18335638933455847, "6": 0.18461071635514356, "7": 0.18263481465394962, "8": 0.18301591899591102, "9": 0.18073225693256856, "10": 0.17469524579673207}, "6": {"0": 0.18449430236243736, "1": 0.17534306699503863, "2": 0.1780779177637947, "3": 0.17698062856593344, "4": 0.17558005418270786, "5": 0.1739536889887374, "6": 0.17696095549578528, "7": 0.17604833539207004, "8": 0.178198542631008, "9": 0.17679650043772113, "10": 0.1745843223826555}, "7": {"0": 0.1675196980494924, "1": 0.15916451123757727, "2": 0.1616167880820591, "3": 0.16200560113378365, "4": 0.1542599314671214, "5": 0.1616887396030025, "6": 0.164443445788143, "7": 0.1631385590600667, "8": 0.16790804279551239, "9": 0.16904400027495203, "10": 0.1706202470215707}, "8": {"0": 0.17649125958619463, "1": 0.1732615727964116, "2": 0.17524856716489404, "3": 0.1733298134796202, "4": 0.17501989585608227, "5": 0.175900135683787, "6": 0.1771088619981061, "7": 0.18026709020374693, "8": 0.17314504575523534, "9": 0.1719770721655794, "10": 0.16593474808949005}}, "3": {"0": {"0": 0.21100372697597802, "1": 0.19723462449567292, "2": 0.19310809264030174, "3": 0.1930541188688885, "4": 0.4373431468661314, "5": 0.13439461453653356}, "1": {"0": 0.2446270264208862, "1": 0.22802835694576312, "2": 0.19840647424806404, "3": 0.6187254016069884, "4": 0.20006061999427463, "5": 0.12894031107312534}, "2": {"0": 0.26200606095080087, "1": 0.2300349737283282, "2": 0.20988816079828165, "3": 0.21988497006713636, "4": 0.20489398544389725, "5": 0.1311718159686626}, "3": {"0": 0.18889718329798422, "1": 0.19764929960485797, "2": 0.19509347204619773, "3": 0.19189300261383302, "4": 0.19156399649144276, "5": 0.12911358456691888}, "4": {"0": 0.23977008259603433, "1": 0.4144235491736294, "2": 0.20311304127789498, "3": 0.236908503037959, "4": 0.2043429180579798, "5": 0.12407027329757266}, "5": {"0": 0.5797397036849543, "1": 0.23554070521628542, "2": 0.19362065016074462, "3": 0.2364532369694491, "4": 0.2241714865290553, "5": 0.13225794423911055}, "6": {"0": 0.18597928189202226, "1": 0.18460387522517047, "2": 0.18934424981151202, "3": 0.1822474674316663, "4": 0.18680484222667446, "5": 0.13138193248498717}, "7": {"0": 0.18173034912609495, "1": 0.1842173265133516, "2": 0.18200481406441865, "3": 0.17957741409662473, "4": 0.18607677405963077, "5": 0.12575408468795482}, "8": {"0": 0.18172302187516676, "1": 0.18525205737688621, "2": 0.18889238665918112, "3": 0.1808337903730176, "4": 0.18589281824130377, "5": 0.13765926874448714}, "9": {"0": 0.17798029280500055, "1": 0.17976606381091387, "2": 0.18148065401134655, "3": 0.1763274645849806, "4": 0.1831070991632938, "5": 0.13367951806232387}, "10": {"0": 0.17194787415169965, "1": 0.1748355579670604, "2": 0.1780415949253267, "3": 0.17293595988207208, "4": 0.17624019699582133, "5": 0.1378055595286275}}, "4": {"0": {"0": 0.25346851665155795, "1": 0.25473912014959643, "2": 0.6226732618665325, "3": 0.24372109137736891, "4": 0.1835347423911736, "5": 0.1829213923099318, "6": 0.1900524936545649, "7": 0.17269834594547578}, "1": {"0": 0.22622818151098825, "1": 0.22779961509484029, "2": 0.23734061190591835, "3": 0.4065743947256842, "4": 0.18700625640974827, "5": 0.18646196163919987, "6": 0.20015409587709748, "7": 0.17585017644722592}, "2": {"0": 0.19754989115849425, "1": 0.2095906796450236, "2": 0.1948344145265626, "3": 0.2036911586198963, "4": 0.1906385989886714, "5": 0.18725557382303826, "6": 0.1966221336201391, "7": 0.17880238673468227}, "3": {"0": 0.5149243958776195, "1": 0.21842685783568172, "2": 0.2401940496404818, "3": 0.2510051454490412, "4": 0.18379049452604268, "5": 0.18205406202453658, "6": 0.19174913103543648, "7": 0.17238101119894317}, "4": {"0": 0.22337293771240418, "1": 0.20806733328660368, "2": 0.22603802424364253, "3": 0.20320115758263255, "4": 0.18657197743603773, "5": 0.18794201645260553, "6": 0.191662659967994, "7": 0.17842889186811522}, "5": {"0": 0.12921330418862453, "1": 0.13114705659255513, "2": 0.1322517332837388, "3": 0.12717315868215548, "4": 0.1318426013986381, "5": 0.13288071037539373, "6": 0.13380300612329538, "7": 0.13127633394033322}}, "5": {"0": {"0": 0.24474955712552063, "1": 0.25181057808573515, "2": 0.23442373465557753, "3": 0.5495429307652415, "4": 0.20133204074808225, "5": 0.20129718914248543, "6": 0.18697998601725355, "7": 0.18456204765179682, "8": 0.1346264771594998}, "1": {"0": 0.22749747454021216, "1": 0.23582016407689044, "2": 0.20401239492576373, "3": 0.21980356858490632, "4": 0.37599018853036437, "5": 0.20008435936892943, "6": 0.1866537241731649, "7": 0.18395922520395477, "8": 0.13467834391979663}, "2": {"0": 0.24274631537542596, "1": 0.6348353224097624, "2": 0.25056321728318726, "3": 0.24272697896614123, "4": 0.2065936836219824, "5": 0.201138140567003, "6": 0.1849832086132403, "7": 0.18438577103988796, "8": 0.13636544814085935}, "3": {"0": 0.3282589917014669, "1": 0.25172804564383877, "2": 0.1944540066030158, "3": 0.23661450752066923, "4": 0.21266408569314763, "5": 0.24628653056095112, "6": 0.1897464163826337, "7": 0.18459939381288776, "8": 0.1313237635540913}, "4": {"0": 0.18559133987385146, "1": 0.1836084225722625, "2": 0.18187725796836277, "3": 0.18289091382040384, "4": 0.18272255769385398, "5": 0.18550796586909726,